,Date,User,Tweet
0,2022-08-23 23:59:15+00:00,VeVeMagic,@Trickinkix @My_Collectables @veve_official @ComicsandCrypto @SpiderMan @MarvelStudios @Disney @elite_comics11 @SleepynComics Congrats! Great piece to own!
1,2022-08-23 23:59:12+00:00,JJonah_Jameson,"PARKER! Pictures of an interesting Spiderman, stat!"
2,2022-08-23 23:58:45+00:00,VenomBalor,"Mac Gargan is a horrible pick. Many #Venom fans Hate him. If you’ve read the comics you’d know why. It is the #MCU so there’s probably a Variant of Eddie Brock, that doesn’t look like Tom Hardy. There’s also Flash Thompson. #AvengersSecretWars #SpiderMan

https://t.co/q8ILPyJ92P"
3,2022-08-23 23:58:35+00:00,PlierlessGaming,Just beat Spider-Man remastered for pc. Now time to start counting down the days for Spider-Man Miles Morales for pc. #SpiderMan
4,2022-08-23 23:58:24+00:00,dylan_jones8912,This controller looks very interesting. All I need now is a PS5. I have a series x and a PS4 Pro. The only reason I have the PS4 is Spiderman. Nothing else is really attractive to me on PlayStation https://t.co/OOb17OWFct
5,2022-08-23 23:57:30+00:00,WWEJayJay,I remember seeing the leak blurry trailer. Man this release the next day. Been on my mind all year. #SpiderManNoWayHome #SpiderMan https://t.co/7D3B3lrAK2
6,2022-08-23 23:57:16+00:00,narak_not,@dolo_fly wtf was the spiderman shit
7,2022-08-23 23:57:10+00:00,MattyBoyAnders1,Check out #Marvel The Amazing #SpiderMan Stealth #Venom Action Figure Sneak Attack Symbiote #ToyBiz https://t.co/JpMzAygG5D #eBay via @eBay
8,2022-08-23 23:56:48+00:00,ZackBlade4,@ItsNeon2401 Spiderman 2
9,2022-08-23 23:56:09+00:00,ax_woodendoll,"Check out this item on OpenSea 
https://t.co/6L1AnuKZ5T
#SpiderMan #Marvel

https://t.co/KePtum2rNL via @opensea"
10,2022-08-23 23:55:59+00:00,HomeintheUS,@AmicusOpus @EllenGoldenber3 @TheEliKlein Do you mean Leana Wen? Now that her son is experiencing language delays...she's not having him wear a mask. Her child is not the only one...there are too many children that are now delayed because we insisted they wear that Spiderman mask.
11,2022-08-23 23:55:09+00:00,MarcellaKeeble3,"Uivic Boys Spiderman Baseball Cap Toddler Kids Youth Adjustable Snapback Sun Hat for Boy's Ages 2-12 [43OOLVK]

https://t.co/PqiwtOV7iH"
12,2022-08-23 23:55:07+00:00,garlicwater69,But spiderman
13,2022-08-23 23:54:53+00:00,onyxspartan,"@travisschgaming Dude, I cannot wait to play around with that.  I think it will a lot of fun.  Plus, who doesn't want to be a space Spiderman with the grappling hook?"
14,2022-08-23 23:54:22+00:00,FramiCarrie,"BLGKJDYY Toddler Boys Long Sleeve Cartoon Spiderman Pajamas Sets Nightwear Round Neck Top Sweatshirt Pants 2Pcs Outfit [5SL9LVW]

https://t.co/vwTiHpuvhy"
15,2022-08-23 23:54:05+00:00,Diane92785626,@SilverFox2189 Spiderman 3 wasn't that bad though
16,2022-08-23 23:53:54+00:00,Steven95053220,There'll never be an mcu Spiderman 4 you goddamn idiot bozo cuz they didn't confirm or announce it at sdcc https://t.co/PJtbhBxJzV
17,2022-08-23 23:53:08+00:00,goodheartkillua,@TimophyDrake when i just make a tweet and now everyone is horny for venom and spiderman gay porn https://t.co/2fdeHYSU2M
18,2022-08-23 23:53:00+00:00,takerlama,"Takerlama Astonishing Spider-Man Halloween Costume $69 Free Shipping Now.
Shop Now&gt;&gt; https://t.co/DBz01pR1BE

#astonishingspiderman #SpiderMan #superhero #Halloween #costume #takerlama #takerlamacosplay #halloween2022 #partytime #halloweenmakeup #halloweencostume #partydress https://t.co/Cs8LnxDC26"
19,2022-08-23 23:52:55+00:00,Bananana_Shunga,@Sharky69148444 @isabelsdixon @Spider_Culture Because earlier you are emphasizing sandman and the other people just know that spiderman killed the previous villain with his glider. Which we can really assume. They kow because of the news  I keep repeating there is a news that will cover the cause of his death is the glider.
